"","Imie","data","Rozszerzenie"
"1","Sebastian","2023-10-26","java"
"2","Sebastian","2023-12-17","java"
"3","Sebastian","2023-10-26","java"
"4","Sebastian","2023-10-26","java"
"5","Sebastian","2023-10-30","java"
"6","Sebastian","2023-10-30","java"
"7","Sebastian","2023-10-29","java"
"8","Sebastian","2023-10-30","java"
"9","Sebastian","2023-10-29","java"
"10","Sebastian","2023-10-29","java"
"11","Sebastian","2023-11-13","java"
"12","Sebastian","2023-11-13","java"
"13","Sebastian","2023-11-24","java"
"14","Sebastian","2023-11-27","java"
"15","Sebastian","2023-11-24","java"
"16","Sebastian","2023-11-24","java"
"17","Sebastian","2023-11-24","java"
"18","Sebastian","2023-11-24","java"
"19","Sebastian","2023-11-24","java"
"20","Sebastian","2023-11-24","java"
"21","Sebastian","2023-11-24","java"
"22","Sebastian","2023-11-27","java"
"23","Sebastian","2023-11-27","java"
"24","Sebastian","2023-11-27","java"
"25","Sebastian","2023-11-27","java"
"26","Sebastian","2023-11-27","java"
"27","Sebastian","2023-11-27","java"
"28","Sebastian","2023-11-27","java"
"29","Sebastian","2023-11-27","java"
"30","Sebastian","2023-11-27","java"
"31","Sebastian","2023-11-27","java"
"32","Sebastian","2023-11-27","java"
"33","Sebastian","2023-11-27","java"
"34","Sebastian","2023-11-27","java"
"35","Sebastian","2023-11-27","java"
"36","Sebastian","2023-11-27","java"
"37","Sebastian","2023-11-27","java"
"38","Sebastian","2023-11-27","java"
"39","Sebastian","2023-04-24","java"
"40","Sebastian","2023-04-24","java"
"41","Sebastian","2023-04-24","java"
"42","Sebastian","2023-04-24","java"
"43","Sebastian","2023-04-24","java"
"44","Sebastian","2023-04-24","java"
"45","Sebastian","2023-04-24","java"
"46","Sebastian","2023-04-24","java"
"47","Sebastian","2023-04-24","java"
"48","Sebastian","2023-04-24","java"
"49","Sebastian","2023-04-24","java"
"50","Sebastian","2023-04-24","java"
"51","Sebastian","2023-04-24","java"
"52","Sebastian","2023-04-03","java"
"53","Sebastian","2023-04-03","java"
"54","Sebastian","2023-04-03","java"
"55","Sebastian","2023-04-03","java"
"56","Sebastian","2023-04-03","java"
"57","Sebastian","2023-04-03","java"
"58","Sebastian","2023-04-03","java"
"59","Sebastian","2023-04-03","java"
"60","Sebastian","2023-04-03","java"
"61","Sebastian","2023-04-03","java"
"62","Sebastian","2023-04-03","java"
"63","Sebastian","2023-04-03","java"
"64","Sebastian","2023-05-22","java"
"65","Sebastian","2023-05-22","java"
"66","Sebastian","2023-05-22","java"
"67","Sebastian","2023-05-22","java"
"68","Sebastian","2023-05-22","java"
"69","Sebastian","2023-05-22","java"
"70","Sebastian","2023-05-22","java"
"71","Sebastian","2023-05-22","java"
"72","Sebastian","2023-05-22","java"
"73","Sebastian","2023-05-22","java"
"74","Sebastian","2023-04-24","java"
"75","Sebastian","2023-04-24","java"
"76","Sebastian","2023-04-24","java"
"77","Sebastian","2023-04-24","java"
"78","Sebastian","2023-04-24","java"
"79","Sebastian","2023-04-24","java"
"80","Sebastian","2023-04-24","java"
"81","Sebastian","2023-04-24","java"
"82","Sebastian","2023-04-24","java"
"83","Sebastian","2023-04-24","java"
"84","Sebastian","2023-04-24","java"
"85","Sebastian","2023-04-24","java"
"86","Sebastian","2023-04-24","java"
"87","Sebastian","2023-04-24","java"
"88","Sebastian","2023-04-24","java"
"89","Sebastian","2023-04-24","java"
"90","Sebastian","2023-06-12","java"
"91","Sebastian","2023-06-12","java"
"92","Sebastian","2023-06-12","java"
"93","Sebastian","2023-06-12","java"
"94","Sebastian","2023-06-12","java"
"95","Sebastian","2023-06-12","java"
"96","Sebastian","2023-06-12","java"
"97","Mikolaj","2023-05-23","java"
"98","Mikolaj","2023-11-27","java"
"99","Mikolaj","2023-05-18","java"
"100","Mikolaj","2023-05-17","java"
"101","Mikolaj","2023-04-02","java"
"102","Mikolaj","2023-04-03","java"
"103","Mikolaj","2023-03-21","java"
"104","Mikolaj","2023-04-03","java"
"105","Mikolaj","2023-03-21","java"
"106","Mikolaj","2023-04-03","java"
"107","Mikolaj","2023-03-21","java"
"108","Mikolaj","2023-03-30","java"
"109","Mikolaj","2023-03-30","java"
"110","Mikolaj","2023-04-24","java"
"111","Mikolaj","2023-05-19","java"
"112","Mikolaj","2023-04-24","java"
"113","Mikolaj","2023-04-25","java"
"114","Mikolaj","2023-04-25","java"
"115","Mikolaj","2023-04-25","java"
"116","Mikolaj","2023-04-23","java"
"117","Mikolaj","2023-04-25","java"
"118","Mikolaj","2023-05-23","java"
"119","Mikolaj","2023-03-30","java"
"120","Mikolaj","2023-11-20","java"
"121","Mikolaj","2023-03-30","java"
"122","Mikolaj","2023-04-03","java"
"123","Mikolaj","2023-04-03","java"
"124","Mikolaj","2023-11-27","java"
"125","Mikolaj","2023-04-03","java"
"126","Mikolaj","2023-03-21","java"
"127","Mikolaj","2023-04-24","java"
"128","Mikolaj","2023-04-23","java"
"129","Mikolaj","2023-04-02","java"
"130","Mikolaj","2023-04-04","java"
"131","Mikolaj","2023-03-30","java"
"132","Mikolaj","2023-04-23","java"
"133","Mikolaj","2023-06-12","java"
"134","Mikolaj","2023-03-27","java"
"135","Mikolaj","2023-11-27","java"
"136","Mikolaj","2023-04-25","java"
"137","Mikolaj","2023-04-24","java"
"138","Mikolaj","2023-11-20","java"
"139","Mikolaj","2023-11-13","java"
"140","Mikolaj","2023-05-19","java"
"141","Mikolaj","2023-05-18","java"
"142","Mikolaj","2023-04-23","java"
"143","Mikolaj","2023-04-24","java"
"144","Mikolaj","2023-04-03","java"
"145","Mikolaj","2023-04-24","java"
"146","Mikolaj","2023-03-31","java"
"147","Mikolaj","2023-05-21","java"
"148","Mikolaj","2023-04-02","java"
"149","Mikolaj","2023-05-16","java"
"150","Mikolaj","2023-05-23","java"
"151","Mikolaj","2023-11-27","java"
"152","Mikolaj","2023-10-30","java"
"153","Mikolaj","2023-04-24","java"
"154","Mikolaj","2023-10-30","java"
"155","Mikolaj","2023-10-30","java"
"156","Mikolaj","2023-10-30","java"
"157","Mikolaj","2023-10-30","java"
"158","Mikolaj","2023-10-09","java"
"159","Mikolaj","2023-04-24","java"
"160","Mikolaj","2023-11-06","java"
"161","Mikolaj","2023-05-19","java"
"162","Mikolaj","2023-04-03","java"
"163","Mikolaj","2023-03-28","java"
"164","Mikolaj","2023-03-21","java"
"165","Mikolaj","2023-03-30","java"
"166","Mikolaj","2023-11-27","java"
"167","Mikolaj","2023-06-12","java"
"168","Mikolaj","2023-04-24","java"
"169","Mikolaj","2023-04-02","java"
"170","Mikolaj","2023-04-22","java"
"171","Mikolaj","2023-03-27","java"
"172","Mikolaj","2023-04-02","java"
"173","Mikolaj","2023-03-28","java"
"174","Mikolaj","2023-05-17","java"
"175","Mikolaj","2023-04-04","java"
"176","Mikolaj","2023-06-12","java"
"177","Mikolaj","2023-11-27","java"
"178","Mikolaj","2023-05-19","java"
"179","Mikolaj","2023-05-19","java"
"180","Mikolaj","2023-03-31","java"
"181","Mikolaj","2023-04-02","java"
"182","Mikolaj","2023-03-30","java"
"183","Mikolaj","2023-03-29","java"
"184","Mikolaj","2023-03-31","java"
"185","Mikolaj","2023-04-02","java"
"186","Mikolaj","2023-11-20","java"
"187","Mikolaj","2023-11-13","java"
"188","Mikolaj","2023-05-19","java"
"189","Mikolaj","2023-05-21","java"
"190","Mikolaj","2023-05-23","java"
"191","Mikolaj","2023-04-25","java"
"192","Mikolaj","2023-04-02","java"
"193","Mikolaj","2023-05-23","java"
"194","Mikolaj","2023-11-27","java"
"195","Mikolaj","2023-04-02","java"
"196","Mikolaj","2023-04-23","java"
"197","Mikolaj","2023-06-13","java"
"198","Mikolaj","2023-06-12","java"
"199","Mikolaj","2023-06-13","java"
"200","Mikolaj","2023-03-30","java"
"201","Mikolaj","2023-04-03","java"
"202","Mikolaj","2023-04-24","java"
"203","Mikolaj","2023-04-22","java"
"204","Mikolaj","2023-04-04","java"
"205","Mikolaj","2023-04-04","java"
"206","Mikolaj","2023-11-20","java"
"207","Mikolaj","2023-11-20","java"
"208","Mikolaj","2023-11-20","java"
"209","Mikolaj","2023-11-20","java"
"210","Mikolaj","2023-03-31","java"
"211","Mikolaj","2023-03-21","java"
"212","Mikolaj","2023-03-21","java"
"213","Mikolaj","2023-04-24","java"
"214","Mikolaj","2023-04-25","java"
"215","Mikolaj","2023-11-27","java"
"216","Mikolaj","2023-05-17","java"
"217","Mikolaj","2023-11-27","java"
"218","Mikolaj","2023-11-27","java"
"219","Mikolaj","2023-11-20","java"
"220","Mikolaj","2023-04-25","java"
"221","Mikolaj","2023-11-20","java"
"222","Mikolaj","2023-11-20","java"
"223","Mikolaj","2023-11-20","java"
"224","Mikolaj","2023-04-22","java"
"225","Mikolaj","2023-05-21","java"
"226","Mikolaj","2023-05-21","java"
"227","Mikolaj","2023-05-20","java"
"228","Mikolaj","2023-05-21","java"
"229","Mikolaj","2023-05-21","java"
"230","Mikolaj","2023-05-19","java"
"231","Mikolaj","2023-05-23","java"
"232","Mikolaj","2023-04-23","java"
"233","Mikolaj","2023-04-22","java"
"234","Mikolaj","2023-04-02","java"
"235","Mikolaj","2023-04-22","java"
"236","Mikolaj","2023-04-24","java"
"237","Mikolaj","2023-04-02","java"
"238","Mikolaj","2023-11-27","java"
"239","Mikolaj","2023-03-30","java"
"240","Mikolaj","2023-11-27","java"
"241","Mikolaj","2023-11-27","java"
"242","Mikolaj","2023-11-27","java"
"243","Mikolaj","2023-10-30","java"
"244","Mikolaj","2023-11-27","java"
"245","Mikolaj","2023-10-30","java"
"246","Mikolaj","2023-11-27","java"
"247","Mikolaj","2023-03-26","java"
"248","Mikolaj","2023-06-12","java"
"249","Mikolaj","2023-11-20","java"
"250","Mikolaj","2023-11-20","java"
"251","Mikolaj","2023-04-25","java"
"252","Mikolaj","2023-05-20","java"
"253","Mikolaj","2023-03-30","java"
"254","Mikolaj","2023-03-30","java"
"255","Mikolaj","2023-04-02","java"
"256","Mikolaj","2023-03-21","java"
"257","Mikolaj","2023-04-02","java"
"258","Mikolaj","2023-04-03","java"
"259","Mikolaj","2023-05-23","java"
"260","Mikolaj","2023-03-31","java"
"261","Mikolaj","2023-03-31","java"
"262","Mikolaj","2023-03-31","java"
"263","Mikolaj","2023-03-31","java"
"264","Mikolaj","2023-05-23","java"
"265","Mikolaj","2023-06-13","java"
"266","Mikolaj","2023-06-13","java"
"267","Mikolaj","2023-04-03","java"
"268","Mikolaj","2023-03-21","java"
"269","Mikolaj","2023-04-03","java"
"270","Mikolaj","2023-11-20","java"
"271","Mikolaj","2023-11-13","java"
"272","Mikolaj","2023-04-23","java"
"273","Mikolaj","2023-04-24","java"
"274","Mikolaj","2023-04-24","java"
"275","Mikolaj","2023-05-18","java"
"276","Mikolaj","2023-05-19","java"
"277","Mikolaj","2023-03-31","java"
"278","Mikolaj","2023-04-02","java"
"279","Mikolaj","2023-05-17","java"
"280","Mikolaj","2023-04-02","java"
"281","Mikolaj","2023-05-23","java"
"282","Mikolaj","2023-04-24","java"
"283","Mikolaj","2023-04-24","java"
"284","Mikolaj","2023-05-19","java"
"285","Mikolaj","2023-06-13","java"
"286","Mikolaj","2023-11-06","java"
"287","Mikolaj","2023-11-06","java"
"288","Mikolaj","2023-11-06","java"
"289","Mikolaj","2023-11-06","java"
"290","Mikolaj","2023-11-06","java"
"291","Mikolaj","2023-11-06","java"
"292","Mikolaj","2023-05-17","java"
"293","Mikolaj","2023-04-25","java"
"294","Mikolaj","2023-11-06","java"
"295","Mikolaj","2023-03-27","java"
"296","Mikolaj","2023-11-20","java"
"297","Mikolaj","2023-04-25","java"
"298","Mikolaj","2023-04-22","java"
"299","Mikolaj","2023-03-30","java"
"300","Mikolaj","2023-11-20","java"
"301","Mikolaj","2023-05-17","java"
"302","Mikolaj","2023-04-25","java"
"303","Mikolaj","2023-04-23","java"
"304","Mikolaj","2023-04-24","java"
"305","Mikolaj","2023-04-04","java"
"306","Mikolaj","2023-11-20","java"
"307","Mikolaj","2023-03-27","java"
"308","Mikolaj","2023-04-03","java"
"309","Mikolaj","2023-04-25","java"
"310","Mikolaj","2023-04-24","java"
"311","Mikolaj","2023-04-23","java"
"312","Mikolaj","2023-11-27","java"
"313","Mikolaj","2023-04-23","java"
"314","Mikolaj","2023-04-24","java"
"315","Mikolaj","2023-04-24","java"
"316","Mikolaj","2023-05-19","java"
"317","Mikolaj","2023-11-20","java"
"318","Mikolaj","2023-03-30","java"
"319","Mikolaj","2023-03-28","java"
"320","Mikolaj","2023-04-02","java"
"321","Mikolaj","2023-11-27","java"
"322","Mikolaj","2023-04-24","java"
"323","Mikolaj","2023-03-28","java"
"324","Mikolaj","2023-04-03","java"
"325","Mikolaj","2023-04-04","java"
"326","Mikolaj","2023-04-23","java"
"327","Mikolaj","2023-05-19","java"
"328","Mikolaj","2023-04-24","java"
"329","Mikolaj","2023-11-13","java"
"330","Mikolaj","2023-04-25","java"
"331","Mikolaj","2023-11-27","java"
"332","Mikolaj","2023-11-27","java"
"333","Mikolaj","2023-04-24","java"
"334","Mikolaj","2023-06-12","java"
"335","Mikolaj","2023-10-16","java"
"336","Mikolaj","2023-04-02","java"
"337","Mikolaj","2023-04-04","java"
"338","Mikolaj","2023-11-13","java"
"339","Mikolaj","2023-11-20","java"
"340","Mikolaj","2023-03-28","java"
"341","Mikolaj","2023-04-23","java"
"342","Mikolaj","2023-11-13","java"
"343","Mikolaj","2023-05-23","java"
"344","Mikolaj","2023-11-13","java"
"345","Mikolaj","2023-11-27","java"
"346","Mikolaj","2023-06-12","java"
"347","Mikolaj","2023-06-12","java"
"348","Mikolaj","2023-06-12","java"
"349","Mikolaj","2023-06-13","java"
"350","Mikolaj","2023-11-13","java"
"351","Mikolaj","2023-05-19","java"
"352","Mikolaj","2023-04-25","java"
"353","Mikolaj","2023-11-13","java"
"354","Mikolaj","2023-11-13","java"
"355","Mikolaj","2023-04-24","java"
"356","Mikolaj","2023-04-24","java"
"357","Mikolaj","2023-04-24","java"
"358","Mikolaj","2023-03-30","java"
"359","Mikolaj","2023-04-03","java"
"360","Mikolaj","2023-04-03","java"
"361","Mikolaj","2023-04-03","java"
"362","Mikolaj","2023-04-23","java"
"363","Mikolaj","2023-04-24","java"
"364","Mikolaj","2023-04-24","java"
"365","Mikolaj","2023-04-04","java"
"366","Mikolaj","2023-11-20","java"
"367","Mikolaj","2023-11-13","java"
"368","Mikolaj","2023-05-23","java"
"369","Mikolaj","2023-11-20","java"
"370","Mikolaj","2023-11-20","java"
"371","Mikolaj","2023-05-16","java"
"372","Mikolaj","2023-04-04","java"
"373","Mikolaj","2023-04-25","java"
"374","Mikolaj","2023-03-30","java"
"375","Mikolaj","2023-03-31","java"
"376","Mikolaj","2023-03-31","java"
"377","Mikolaj","2023-04-23","java"
"378","Mikolaj","2023-04-24","java"
"379","Mikolaj","2023-03-31","java"
"380","Mikolaj","2023-03-31","java"
"381","Mikolaj","2023-04-24","java"
"382","Mikolaj","2023-03-27","java"
"383","Mikolaj","2023-03-27","java"
"384","Mikolaj","2023-11-20","java"
"385","Mikolaj","2023-04-24","java"
"386","Mikolaj","2023-04-23","java"
"387","Mikolaj","2023-04-22","java"
"388","Mikolaj","2023-11-20","java"
"389","Mikolaj","2023-11-20","java"
"390","Mikolaj","2023-11-20","java"
"391","Mikolaj","2023-11-20","java"
"392","Mikolaj","2023-11-20","java"
"393","Mikolaj","2023-11-20","java"
"394","Mikolaj","2023-11-20","java"
"395","Mikolaj","2023-04-24","java"
"396","Mikolaj","2023-04-02","java"
"397","Mikolaj","2023-05-17","java"
"398","Mikolaj","2023-11-20","java"
"399","Mikolaj","2023-11-20","java"
"400","Mikolaj","2023-05-09","java"
"401","Mikolaj","2023-11-20","java"
"402","Mikolaj","2023-11-20","java"
"403","Mikolaj","2023-11-20","java"
"404","Mikolaj","2023-04-03","java"
"405","Mikolaj","2023-04-03","java"
"406","Mikolaj","2023-04-03","java"
"407","Mikolaj","2023-04-04","java"
"408","Mikolaj","2023-11-20","java"
"409","Mikolaj","2023-11-20","java"
"410","Mikolaj","2023-05-09","java"
"411","Mikolaj","2023-03-26","java"
"412","Mikolaj","2023-04-24","java"
"413","Mikolaj","2023-10-30","java"
"414","Mikolaj","2023-06-13","java"
"415","Mikolaj","2023-06-13","java"
"416","Mikolaj","2023-06-13","java"
"417","Mikolaj","2023-06-13","java"
"418","Mikolaj","2023-06-13","java"
"419","Mikolaj","2023-06-12","java"
"420","Mikolaj","2023-06-13","java"
"421","Mikolaj","2023-06-13","java"
"422","Mikolaj","2023-06-12","java"
"423","Mikolaj","2023-06-13","java"
"424","Mikolaj","2023-05-23","java"
"425","Mikolaj","2023-05-19","java"
"426","Mikolaj","2023-04-03","java"
"427","Mikolaj","2023-04-03","java"
"428","Mikolaj","2023-04-24","java"
"429","Mikolaj","2023-04-04","java"
"430","Mikolaj","2023-04-04","java"
"431","Mikolaj","2023-04-04","java"
"432","Mikolaj","2023-04-04","java"
"433","Mikolaj","2023-04-04","java"
"434","Mikolaj","2023-04-23","java"
"435","Mikolaj","2023-04-01","java"
"436","Sebastian","2023-05-16","java"
"437","Sebastian","2023-05-16","java"
"438","Sebastian","2023-05-16","java"
"439","Sebastian","2023-05-16","java"
"440","Sebastian","2023-05-16","java"
"441","Sebastian","2023-05-16","java"
"442","Sebastian","2023-05-16","java"
"443","Sebastian","2023-05-16","java"
"444","Sebastian","2023-05-16","java"
"445","Sebastian","2023-05-16","java"
"446","Sebastian","2023-05-16","java"
"447","Sebastian","2023-05-16","java"
"448","Sebastian","2023-05-16","java"
"449","Sebastian","2023-05-16","java"
"450","Sebastian","2023-05-16","java"
"451","Sebastian","2023-05-16","java"
"452","Sebastian","2023-05-16","java"
"453","Sebastian","2023-05-16","java"
"454","Sebastian","2023-05-16","java"
"455","Sebastian","2023-05-16","java"
"456","Sebastian","2023-05-16","java"
"457","Sebastian","2023-05-16","java"
"458","Sebastian","2023-05-16","java"
"459","Sebastian","2023-05-16","java"
"460","Sebastian","2023-05-16","java"
"461","Sebastian","2023-05-16","java"
"462","Sebastian","2023-05-16","java"
"463","Sebastian","2023-05-16","java"
"464","Sebastian","2023-05-16","java"
"465","Sebastian","2023-05-16","java"
"466","Sebastian","2023-05-16","java"
"467","Sebastian","2023-05-16","java"
"468","Sebastian","2023-05-16","java"
"469","Sebastian","2023-05-16","java"
"470","Sebastian","2023-05-16","java"
"471","Sebastian","2023-05-16","java"
"472","Sebastian","2023-05-16","java"
"473","Sebastian","2023-05-16","java"
"474","Sebastian","2023-05-16","java"
"475","Sebastian","2023-05-16","java"
"476","Sebastian","2023-05-16","java"
"477","Sebastian","2023-05-16","java"
"478","Sebastian","2023-05-16","java"
"479","Sebastian","2023-05-16","java"
"480","Sebastian","2023-05-16","java"
"481","Sebastian","2023-05-16","java"
"482","Sebastian","2023-05-16","java"
"483","Sebastian","2023-05-16","java"
"484","Sebastian","2023-05-16","java"
"485","Sebastian","2023-05-16","java"
"486","Sebastian","2023-05-16","java"
"487","Sebastian","2023-05-16","java"
"488","Sebastian","2023-05-16","java"
"489","Sebastian","2023-05-16","java"
"490","Malgosia","2023-04-03","java"
"491","Malgosia","2023-04-03","java"
"492","Malgosia","2023-04-03","java"
"493","Malgosia","2023-04-03","java"
"494","Malgosia","2023-04-03","java"
"495","Malgosia","2023-04-03","java"
"496","Malgosia","2023-04-03","java"
"497","Malgosia","2023-04-03","java"
"498","Malgosia","2023-04-03","java"
"499","Malgosia","2023-04-03","java"
"500","Malgosia","2023-04-03","java"
"501","Malgosia","2023-04-03","java"
"502","Malgosia","2023-04-03","java"
"503","Malgosia","2023-04-03","java"
"504","Malgosia","2023-04-24","java"
"505","Malgosia","2023-04-24","java"
"506","Malgosia","2023-04-24","java"
"507","Malgosia","2023-04-24","java"
"508","Malgosia","2023-04-24","java"
"509","Malgosia","2023-04-23","java"
"510","Malgosia","2023-04-23","java"
"511","Malgosia","2023-04-23","java"
"512","Malgosia","2023-04-23","java"
"513","Malgosia","2023-04-23","java"
"514","Malgosia","2023-04-23","java"
"515","Malgosia","2023-04-23","java"
"516","Malgosia","2023-04-23","java"
"517","Malgosia","2023-04-02","java"
"518","Malgosia","2023-04-02","java"
"519","Malgosia","2023-04-02","java"
"520","Malgosia","2023-04-02","java"
"521","Malgosia","2023-03-06","java"
"522","Malgosia","2023-03-14","java"
"523","Malgosia","2023-03-14","java"
"524","Malgosia","2023-03-13","java"
"525","Malgosia","2023-03-14","java"
"526","Malgosia","2023-03-13","java"
"527","Malgosia","2023-03-14","java"
"528","Malgosia","2023-03-14","java"
"529","Malgosia","2023-03-13","java"
"530","Malgosia","2023-03-13","java"
"531","Malgosia","2023-03-13","java"
"532","Malgosia","2023-03-27","java"
"533","Malgosia","2023-03-27","java"
"534","Malgosia","2023-03-27","java"
"535","Malgosia","2023-03-27","java"
"536","Malgosia","2023-03-27","java"
"537","Malgosia","2023-03-27","java"
"538","Malgosia","2023-05-22","java"
"539","Malgosia","2023-05-22","java"
"540","Malgosia","2023-05-22","java"
"541","Malgosia","2023-05-22","java"
"542","Malgosia","2023-05-22","java"
"543","Malgosia","2023-05-22","java"
"544","Malgosia","2023-05-22","java"
"545","Malgosia","2023-05-22","java"
"546","Malgosia","2023-05-22","java"
"547","Malgosia","2023-05-23","java"
"548","Malgosia","2023-05-21","java"
"549","Malgosia","2023-05-21","java"
"550","Malgosia","2023-05-21","java"
"551","Malgosia","2023-05-21","java"
"552","Malgosia","2023-05-21","java"
"553","Malgosia","2023-05-21","java"
"554","Malgosia","2023-05-21","java"
"555","Malgosia","2023-05-21","java"
"556","Malgosia","2023-05-21","java"
"557","Malgosia","2023-05-21","java"
"558","Malgosia","2023-05-20","java"
"559","Malgosia","2023-05-20","java"
"560","Malgosia","2023-05-20","java"
"561","Malgosia","2023-05-20","java"
"562","Malgosia","2023-05-20","java"
"563","Malgosia","2023-05-20","java"
"564","Malgosia","2023-05-22","java"
"565","Malgosia","2023-05-20","java"
"566","Malgosia","2023-05-20","java"
"567","Malgosia","2023-05-20","java"
"568","Malgosia","2023-05-20","java"
"569","Malgosia","2023-05-20","java"
"570","Malgosia","2023-05-20","java"
"571","Malgosia","2023-05-20","java"
"572","Malgosia","2023-05-20","java"
"573","Malgosia","2023-05-20","java"
"574","Malgosia","2023-05-22","java"
"575","Malgosia","2023-05-20","java"
"576","Malgosia","2023-05-20","java"
"577","Malgosia","2023-05-22","java"
"578","Malgosia","2023-05-23","java"
"579","Malgosia","2023-05-23","java"
"580","Malgosia","2023-05-23","java"
"581","Malgosia","2023-05-23","java"
"582","Malgosia","2023-05-23","java"
"583","Malgosia","2023-05-23","java"
"584","Malgosia","2023-05-23","java"
"585","Malgosia","2023-05-23","java"
"586","Malgosia","2023-05-15","java"
"587","Malgosia","2023-05-15","java"
"588","Malgosia","2023-03-27","java"
"589","Malgosia","2023-03-27","java"
"590","Malgosia","2023-03-27","java"
"591","Malgosia","2023-03-27","java"
"592","Malgosia","2023-03-27","java"
"593","Malgosia","2023-03-27","java"
"594","Malgosia","2023-03-27","java"
"595","Malgosia","2023-04-03","java"
"596","Malgosia","2023-04-03","java"
"597","Malgosia","2023-04-03","java"
"598","Malgosia","2023-04-03","java"
"599","Malgosia","2023-04-03","java"
"600","Malgosia","2023-04-03","java"
"601","Malgosia","2023-04-03","java"
"602","Malgosia","2023-04-03","java"
"603","Malgosia","2023-04-03","java"
"604","Malgosia","2023-04-01","java"
"605","Malgosia","2023-04-01","java"
"606","Malgosia","2023-04-01","java"
"607","Malgosia","2023-04-01","java"
"608","Malgosia","2023-04-01","java"
"609","Malgosia","2023-04-01","java"
"610","Malgosia","2023-04-01","java"
"611","Malgosia","2023-04-01","java"
"612","Malgosia","2023-04-01","java"
"613","Malgosia","2023-04-01","java"
"614","Malgosia","2023-04-01","java"
"615","Malgosia","2023-04-01","java"
"616","Malgosia","2023-04-01","java"
"617","Malgosia","2023-04-01","java"
"618","Malgosia","2023-04-01","java"
"619","Malgosia","2023-04-01","java"
"620","Malgosia","2023-04-01","java"
"621","Malgosia","2023-04-01","java"
"622","Malgosia","2023-04-01","java"
"623","Malgosia","2023-04-01","java"
"624","Malgosia","2023-04-01","java"
"625","Malgosia","2023-04-01","java"
"626","Malgosia","2023-04-01","java"
"627","Malgosia","2023-04-01","java"
"628","Malgosia","2023-04-01","java"
"629","Malgosia","2023-04-01","java"
"630","Malgosia","2023-04-01","java"
"631","Malgosia","2023-04-01","java"
"632","Malgosia","2023-04-03","java"
"633","Malgosia","2023-04-03","java"
"634","Malgosia","2023-04-03","java"
"635","Malgosia","2023-04-03","java"
"636","Malgosia","2023-04-03","java"
"637","Malgosia","2023-04-03","java"
"638","Malgosia","2023-04-03","java"
"639","Malgosia","2023-04-03","java"
"640","Malgosia","2023-04-03","java"
"641","Malgosia","2023-04-03","java"
"642","Malgosia","2023-04-02","java"
"643","Malgosia","2023-04-02","java"
"644","Malgosia","2023-04-02","java"
"645","Malgosia","2023-04-02","java"
"646","Malgosia","2023-04-02","java"
"647","Malgosia","2023-04-02","java"
"648","Malgosia","2023-04-02","java"
"649","Malgosia","2023-04-02","java"
"650","Malgosia","2023-04-02","java"
"651","Malgosia","2023-04-02","java"
"652","Malgosia","2023-03-30","java"
"653","Malgosia","2023-03-30","java"
"654","Malgosia","2023-03-30","java"
"655","Malgosia","2023-03-30","java"
"656","Malgosia","2023-03-30","java"
"657","Malgosia","2023-03-30","java"
"658","Malgosia","2023-03-30","java"
"659","Malgosia","2023-03-30","java"
"660","Malgosia","2023-03-30","java"
"661","Malgosia","2023-03-30","java"
"662","Malgosia","2023-03-30","java"
"663","Malgosia","2023-03-30","java"
"664","Malgosia","2023-03-30","java"
"665","Malgosia","2023-03-30","java"
"666","Malgosia","2023-04-03","java"
"667","Malgosia","2023-04-03","java"
"668","Malgosia","2023-04-03","java"
"669","Malgosia","2023-04-03","java"
"670","Malgosia","2023-04-03","java"
"671","Malgosia","2023-04-03","java"
"672","Malgosia","2023-04-03","java"
"673","Malgosia","2023-04-03","java"
"674","Malgosia","2023-03-30","java"
"675","Malgosia","2023-03-29","java"
"676","Malgosia","2023-03-29","java"
"677","Malgosia","2023-03-29","java"
"678","Malgosia","2023-03-29","java"
"679","Malgosia","2023-03-29","java"
"680","Malgosia","2023-03-29","java"
"681","Malgosia","2023-03-27","java"
"682","Malgosia","2023-03-27","java"
"683","Malgosia","2023-03-27","java"
"684","Malgosia","2023-03-27","java"
"685","Malgosia","2023-03-27","java"
"686","Malgosia","2023-03-27","java"
"687","Malgosia","2023-02-27","java"
"688","Malgosia","2023-03-06","java"
"689","Malgosia","2023-03-06","java"
"690","Malgosia","2023-03-04","java"
"691","Malgosia","2023-03-04","java"
"692","Malgosia","2023-03-08","java"
"693","Malgosia","2023-02-27","java"
"694","Malgosia","2023-03-06","java"
"695","Malgosia","2023-03-09","java"
"696","Malgosia","2023-03-06","java"
"697","Malgosia","2023-03-06","java"
"698","Malgosia","2023-03-06","java"
"699","Malgosia","2023-02-28","java"
"700","Malgosia","2023-03-06","java"
"701","Malgosia","2023-04-25","java"
"702","Malgosia","2023-04-25","java"
"703","Malgosia","2023-04-25","java"
"704","Malgosia","2023-04-25","java"
"705","Malgosia","2023-04-25","java"
"706","Malgosia","2023-04-25","java"
"707","Malgosia","2023-04-25","java"
"708","Malgosia","2023-04-25","java"
"709","Malgosia","2023-04-25","java"
"710","Malgosia","2023-04-25","java"
"711","Malgosia","2023-04-25","java"
"712","Malgosia","2023-05-09","java"
"713","Malgosia","2023-04-23","java"
"714","Malgosia","2023-04-23","java"
"715","Malgosia","2023-04-23","java"
"716","Malgosia","2023-04-23","java"
"717","Malgosia","2023-04-23","java"
"718","Malgosia","2023-04-23","java"
"719","Malgosia","2023-04-23","java"
"720","Malgosia","2023-04-23","java"
"721","Malgosia","2023-04-23","java"
"722","Malgosia","2023-04-23","java"
"723","Malgosia","2023-04-23","java"
"724","Malgosia","2023-04-23","java"
"725","Malgosia","2023-04-23","java"
"726","Malgosia","2023-04-23","java"
"727","Malgosia","2023-04-23","java"
"728","Malgosia","2023-04-23","java"
"729","Malgosia","2023-04-23","java"
"730","Malgosia","2023-04-23","java"
"731","Malgosia","2023-04-23","java"
"732","Malgosia","2023-04-23","java"
"733","Malgosia","2023-04-23","java"
"734","Malgosia","2023-04-23","java"
"735","Malgosia","2023-04-23","java"
"736","Malgosia","2023-04-23","java"
"737","Malgosia","2023-04-23","java"
"738","Malgosia","2023-04-23","java"
"739","Malgosia","2023-04-23","java"
"740","Malgosia","2023-04-23","java"
"741","Malgosia","2023-04-23","java"
"742","Malgosia","2023-04-23","java"
"743","Malgosia","2023-04-24","java"
"744","Malgosia","2023-04-24","java"
"745","Malgosia","2023-04-24","java"
"746","Malgosia","2023-04-24","java"
"747","Malgosia","2023-04-24","java"
"748","Malgosia","2023-04-24","java"
"749","Malgosia","2023-04-24","java"
"750","Malgosia","2023-04-24","java"
"751","Malgosia","2023-04-24","java"
"752","Malgosia","2023-04-24","java"
"753","Malgosia","2023-04-24","java"
"754","Malgosia","2023-04-24","java"
"755","Malgosia","2023-04-24","java"
"756","Malgosia","2023-04-24","java"
"757","Malgosia","2023-04-24","java"
"758","Malgosia","2023-04-24","java"
"759","Malgosia","2023-04-24","java"
"760","Malgosia","2023-04-24","java"
"761","Malgosia","2023-04-24","java"
"762","Malgosia","2023-04-24","java"
"763","Malgosia","2023-04-24","java"
"764","Malgosia","2023-04-24","java"
"765","Malgosia","2023-04-24","java"
"766","Malgosia","2023-04-24","java"
"767","Malgosia","2023-04-24","java"
"768","Malgosia","2023-04-24","java"
"769","Malgosia","2023-04-24","java"
"770","Malgosia","2023-04-24","java"
"771","Malgosia","2023-04-24","java"
"772","Malgosia","2023-04-24","java"
"773","Malgosia","2023-04-24","java"
"774","Malgosia","2023-04-24","java"
"775","Malgosia","2023-04-24","java"
"776","Malgosia","2023-04-24","java"
"777","Malgosia","2023-04-24","java"
"778","Malgosia","2023-04-24","java"
"779","Malgosia","2023-04-24","java"
"780","Malgosia","2023-04-24","java"
"781","Malgosia","2023-04-24","java"
"782","Malgosia","2023-04-24","java"
"783","Malgosia","2023-04-24","java"
"784","Malgosia","2023-04-24","java"
"785","Malgosia","2023-04-24","java"
"786","Malgosia","2023-04-24","java"
"787","Malgosia","2023-04-25","java"
"788","Malgosia","2023-04-25","java"
"789","Malgosia","2023-04-25","java"
"790","Malgosia","2023-04-25","java"
"791","Malgosia","2023-04-25","java"
"792","Malgosia","2023-04-25","java"
"793","Malgosia","2023-04-25","java"
"794","Malgosia","2023-04-25","java"
"795","Malgosia","2023-04-25","java"
"796","Malgosia","2023-04-25","java"
"797","Malgosia","2023-04-25","java"
"798","Malgosia","2023-04-25","java"
"799","Malgosia","2023-04-25","java"
"800","Malgosia","2023-04-25","java"
"801","Malgosia","2023-04-25","java"
"802","Malgosia","2023-04-24","java"
"803","Malgosia","2023-04-24","java"
"804","Malgosia","2023-04-24","java"
"805","Malgosia","2023-04-24","java"
"806","Malgosia","2023-04-24","java"
"807","Malgosia","2023-04-24","java"
"808","Malgosia","2023-04-24","java"
"809","Malgosia","2023-04-24","java"
"810","Malgosia","2023-04-24","java"
"811","Malgosia","2023-04-24","java"
"812","Malgosia","2023-04-24","java"
"813","Malgosia","2023-04-24","java"
"814","Malgosia","2023-04-24","java"
"815","Malgosia","2023-04-24","java"
"816","Malgosia","2023-04-25","java"
"817","Malgosia","2023-04-25","java"
"818","Malgosia","2023-04-25","java"
"819","Malgosia","2023-04-25","java"
"820","Malgosia","2023-04-25","java"
"821","Malgosia","2023-04-25","java"
"822","Malgosia","2023-04-25","java"
"823","Malgosia","2023-04-25","java"
"824","Malgosia","2023-04-25","java"
"825","Malgosia","2023-04-25","java"
"826","Malgosia","2023-04-25","java"
"827","Malgosia","2023-04-25","java"
"828","Malgosia","2023-03-09","java"
"829","Malgosia","2023-03-09","java"
"830","Malgosia","2023-03-14","java"
"831","Malgosia","2023-03-09","java"
"832","Malgosia","2023-03-09","java"
"833","Malgosia","2023-03-13","java"
"834","Malgosia","2023-03-14","java"
"835","Malgosia","2023-03-08","java"
"836","Malgosia","2023-03-09","java"
"837","Malgosia","2023-03-31","java"
"838","Malgosia","2023-03-31","java"
"839","Malgosia","2023-03-31","java"
"840","Malgosia","2023-04-01","java"
"841","Malgosia","2023-04-01","java"
"842","Malgosia","2023-03-31","java"
"843","Malgosia","2023-04-01","java"
"844","Malgosia","2023-04-03","java"
"845","Malgosia","2023-04-03","java"
"846","Malgosia","2023-04-03","java"
"847","Malgosia","2023-04-03","java"
"848","Malgosia","2023-04-03","java"
"849","Malgosia","2023-04-04","java"
"850","Malgosia","2023-04-04","java"
"851","Malgosia","2023-04-03","java"
"852","Malgosia","2023-04-03","java"
"853","Malgosia","2023-04-03","java"
"854","Malgosia","2023-04-03","java"
"855","Malgosia","2023-04-03","java"
"856","Malgosia","2023-04-03","java"
"857","Malgosia","2023-04-03","java"
"858","Malgosia","2023-04-04","java"
"859","Malgosia","2023-04-04","java"
"860","Malgosia","2023-04-04","java"
"861","Malgosia","2023-04-04","java"
"862","Malgosia","2023-04-03","java"
"863","Malgosia","2023-04-03","java"
"864","Malgosia","2023-04-03","java"
"865","Malgosia","2023-04-03","java"
"866","Malgosia","2023-04-03","java"
"867","Malgosia","2023-04-03","java"
"868","Malgosia","2023-04-03","java"
"869","Malgosia","2023-04-03","java"
"870","Malgosia","2023-04-03","java"
"871","Malgosia","2023-04-03","java"
"872","Malgosia","2023-04-03","java"
"873","Malgosia","2023-03-21","java"
"874","Malgosia","2023-03-21","java"
"875","Malgosia","2023-10-06","java"
"876","Malgosia","2023-10-05","java"
"877","Malgosia","2023-10-05","java"
"878","Malgosia","2023-10-06","java"
"879","Malgosia","2023-10-06","java"
"880","Malgosia","2023-10-06","java"
"881","Malgosia","2023-10-05","java"
"882","Malgosia","2023-10-05","java"
"883","Malgosia","2023-10-05","java"
"884","Malgosia","2023-10-06","java"
"885","Malgosia","2023-10-05","java"
"886","Malgosia","2023-10-06","java"
"887","Malgosia","2023-10-06","java"
"888","Malgosia","2023-10-06","java"
"889","Malgosia","2023-10-06","java"
"890","Malgosia","2023-10-06","java"
"891","Malgosia","2023-10-06","java"
"892","Malgosia","2023-10-06","java"
"893","Malgosia","2023-10-06","java"
"894","Malgosia","2023-10-06","java"
"895","Malgosia","2023-10-06","java"
"896","Malgosia","2023-10-06","java"
"897","Malgosia","2023-10-06","java"
"898","Malgosia","2023-10-06","java"
"899","Malgosia","2023-10-06","java"
"900","Malgosia","2023-10-06","java"
"901","Malgosia","2023-10-08","java"
"902","Malgosia","2023-10-08","java"
"903","Malgosia","2023-10-08","java"
"904","Malgosia","2023-10-08","java"
"905","Malgosia","2023-10-08","java"
"906","Malgosia","2023-10-08","java"
"907","Malgosia","2023-10-08","java"
"908","Malgosia","2023-10-08","java"
"909","Malgosia","2023-10-08","java"
"910","Malgosia","2023-09-26","java"
"911","Malgosia","2023-09-26","java"
"912","Malgosia","2023-09-26","java"
"913","Malgosia","2023-09-26","java"
"914","Malgosia","2023-09-26","java"
"915","Malgosia","2023-09-26","java"
"916","Malgosia","2023-09-26","java"
"917","Malgosia","2023-09-26","java"
"918","Malgosia","2023-09-26","java"
"919","Malgosia","2023-09-26","java"
"920","Malgosia","2023-09-26","java"
"921","Malgosia","2023-09-26","java"
"922","Malgosia","2023-09-26","java"
"923","Malgosia","2023-09-26","java"
"924","Malgosia","2023-09-26","java"
"925","Malgosia","2023-09-26","java"
"926","Malgosia","2023-09-26","java"
"927","Malgosia","2023-09-26","java"
"928","Malgosia","2023-09-27","java"
"929","Malgosia","2023-09-26","java"
"930","Malgosia","2023-09-27","java"
"931","Malgosia","2023-09-27","java"
"932","Malgosia","2023-09-27","java"
"933","Malgosia","2023-09-27","java"
"934","Malgosia","2023-09-26","java"
"935","Malgosia","2023-09-27","java"
"936","Malgosia","2023-09-27","java"
"937","Malgosia","2023-09-27","java"
"938","Malgosia","2023-09-27","java"
"939","Malgosia","2023-09-27","java"
"940","Malgosia","2023-09-27","java"
"941","Malgosia","2023-09-27","java"
"942","Malgosia","2023-09-27","java"
"943","Malgosia","2023-09-27","java"
"944","Malgosia","2023-09-27","java"
"945","Malgosia","2023-09-27","java"
"946","Malgosia","2023-09-24","java"
"947","Malgosia","2023-09-24","java"
"948","Malgosia","2023-09-24","java"
"949","Malgosia","2023-09-24","java"
"950","Malgosia","2023-09-24","java"
"951","Malgosia","2023-09-24","java"
"952","Malgosia","2023-09-24","java"
"953","Malgosia","2023-09-24","java"
"954","Malgosia","2023-09-24","java"
"955","Malgosia","2023-09-24","java"
"956","Malgosia","2023-09-24","java"
"957","Malgosia","2023-09-24","java"
"958","Malgosia","2023-09-24","java"
"959","Malgosia","2023-09-24","java"
"960","Malgosia","2023-09-24","java"
"961","Malgosia","2023-09-24","java"
"962","Malgosia","2023-09-24","java"
"963","Malgosia","2023-09-24","java"
"964","Malgosia","2023-09-24","java"
"965","Malgosia","2023-09-24","java"
"966","Malgosia","2023-09-24","java"
"967","Malgosia","2023-09-24","java"
"968","Malgosia","2023-09-24","java"
"969","Malgosia","2023-09-24","java"
"970","Malgosia","2023-09-24","java"
"971","Malgosia","2023-09-24","java"
"972","Malgosia","2023-09-24","java"
"973","Malgosia","2023-09-24","java"
"974","Malgosia","2023-09-24","java"
"975","Malgosia","2023-09-24","java"
"976","Malgosia","2023-09-24","java"
"977","Malgosia","2023-09-24","java"
"978","Malgosia","2023-09-24","java"
"979","Malgosia","2023-09-24","java"
"980","Malgosia","2023-09-24","java"
"981","Malgosia","2023-09-24","java"
"982","Malgosia","2023-09-24","java"
"983","Malgosia","2023-09-30","java"
"984","Malgosia","2023-09-30","java"
"985","Malgosia","2023-09-30","java"
"986","Malgosia","2023-09-30","java"
"987","Malgosia","2023-09-30","java"
"988","Malgosia","2023-09-30","java"
"989","Malgosia","2023-09-30","java"
"990","Malgosia","2023-09-30","java"
"991","Malgosia","2023-09-30","java"
"992","Malgosia","2023-09-30","java"
"993","Malgosia","2023-09-30","java"
"994","Malgosia","2023-10-29","java"
"995","Malgosia","2023-10-29","java"
"996","Malgosia","2023-10-29","java"
"997","Malgosia","2023-10-29","java"
"998","Malgosia","2023-10-29","java"
"999","Malgosia","2023-10-29","java"
"1000","Malgosia","2023-10-29","java"
"1001","Malgosia","2023-10-29","java"
"1002","Malgosia","2023-10-29","java"
"1003","Malgosia","2023-10-20","java"
"1004","Malgosia","2023-10-20","java"
"1005","Malgosia","2023-10-20","java"
"1006","Malgosia","2023-10-20","java"
"1007","Malgosia","2023-10-20","java"
"1008","Malgosia","2023-10-20","java"
"1009","Malgosia","2023-10-20","java"
"1010","Malgosia","2023-10-20","java"
"1011","Malgosia","2023-10-20","java"
"1012","Malgosia","2023-10-20","java"
"1013","Malgosia","2023-10-20","java"
"1014","Malgosia","2023-10-20","java"
"1015","Malgosia","2023-10-20","java"
"1016","Malgosia","2023-10-20","java"
"1017","Malgosia","2023-10-20","java"
"1018","Malgosia","2023-10-21","java"
"1019","Malgosia","2023-10-21","java"
"1020","Malgosia","2023-10-21","java"
"1021","Malgosia","2023-10-21","java"
"1022","Malgosia","2023-10-21","java"
"1023","Malgosia","2023-10-21","java"
"1024","Malgosia","2023-10-21","java"
"1025","Malgosia","2023-10-21","java"
"1026","Malgosia","2023-10-21","java"
"1027","Malgosia","2023-10-21","java"
"1028","Malgosia","2023-10-21","java"
"1029","Malgosia","2023-10-21","java"
"1030","Malgosia","2023-10-20","java"
"1031","Malgosia","2023-10-20","java"
"1032","Malgosia","2023-10-20","java"
"1033","Malgosia","2023-10-20","java"
"1034","Malgosia","2023-10-20","java"
"1035","Malgosia","2023-10-20","java"
"1036","Malgosia","2023-10-20","java"
"1037","Malgosia","2023-10-20","java"
"1038","Malgosia","2023-10-28","java"
"1039","Malgosia","2023-10-28","java"
"1040","Malgosia","2023-10-28","java"
"1041","Malgosia","2023-10-28","java"
"1042","Malgosia","2023-10-28","java"
"1043","Malgosia","2023-10-28","java"
"1044","Malgosia","2023-10-28","java"
"1045","Malgosia","2023-10-28","java"
"1046","Malgosia","2023-10-28","java"
"1047","Malgosia","2023-10-28","java"
"1048","Malgosia","2023-10-28","java"
"1049","Malgosia","2023-10-28","java"
"1050","Malgosia","2023-10-28","java"
"1051","Malgosia","2023-10-28","java"
"1052","Malgosia","2023-10-28","java"
"1053","Malgosia","2023-10-28","java"
"1054","Malgosia","2023-10-28","java"
"1055","Malgosia","2023-10-28","java"
"1056","Malgosia","2023-10-28","java"
"1057","Malgosia","2023-10-26","java"
"1058","Malgosia","2023-10-26","java"
"1059","Malgosia","2023-10-26","java"
"1060","Malgosia","2023-10-26","java"
"1061","Malgosia","2023-10-26","java"
"1062","Malgosia","2023-10-30","java"
"1063","Malgosia","2023-10-30","java"
"1064","Malgosia","2023-10-30","java"
"1065","Malgosia","2023-11-13","java"
"1066","Malgosia","2023-11-13","java"
"1067","Malgosia","2023-11-13","java"
"1068","Malgosia","2023-11-13","java"
"1069","Malgosia","2023-11-13","java"
"1070","Malgosia","2023-11-13","java"
"1071","Malgosia","2023-11-13","java"
"1072","Malgosia","2023-11-13","java"
"1073","Malgosia","2023-11-13","java"
"1074","Malgosia","2023-11-13","java"
"1075","Malgosia","2023-11-13","java"
"1076","Malgosia","2023-11-20","java"
"1077","Malgosia","2023-11-20","java"
"1078","Malgosia","2023-11-20","java"
"1079","Malgosia","2023-11-20","java"
"1080","Malgosia","2023-11-20","java"
"1081","Malgosia","2023-11-20","java"
"1082","Malgosia","2023-11-20","java"
"1083","Malgosia","2023-11-20","java"
"1084","Malgosia","2023-11-20","java"
"1085","Malgosia","2023-11-27","java"
"1086","Malgosia","2023-11-27","java"
"1087","Malgosia","2023-11-27","java"
"1088","Malgosia","2023-11-27","java"
"1089","Malgosia","2023-11-27","java"
"1090","Malgosia","2023-11-27","java"
"1091","Malgosia","2023-11-27","java"
"1092","Malgosia","2023-11-27","java"
"1093","Malgosia","2023-11-27","java"
"1094","Malgosia","2023-11-27","java"
"1095","Malgosia","2023-11-27","java"
"1096","Malgosia","2023-11-27","java"
"1097","Malgosia","2023-11-27","java"
"1098","Malgosia","2023-11-27","java"
"1099","Malgosia","2023-11-27","java"
"1100","Malgosia","2023-11-27","java"
"1101","Malgosia","2023-11-27","java"
"1102","Malgosia","2023-10-29","java"
"1103","Malgosia","2023-10-29","java"
"1104","Malgosia","2023-10-29","java"
"1105","Malgosia","2023-10-29","java"
"1106","Malgosia","2023-10-29","java"
"1107","Malgosia","2023-10-29","java"
"1108","Malgosia","2023-10-29","java"
"1109","Malgosia","2023-10-29","java"
"1110","Malgosia","2023-10-29","java"
"1111","Malgosia","2023-10-29","java"
"1112","Malgosia","2023-10-29","java"
"1113","Malgosia","2023-11-13","java"
"1114","Malgosia","2023-11-11","java"
"1115","Malgosia","2023-11-11","java"
"1116","Malgosia","2023-11-11","java"
"1117","Malgosia","2023-11-11","java"
"1118","Malgosia","2023-11-11","java"
"1119","Malgosia","2023-11-11","java"
"1120","Malgosia","2023-11-11","java"
"1121","Malgosia","2023-11-11","java"
"1122","Malgosia","2023-11-11","java"
"1123","Malgosia","2023-11-27","java"
"1124","Malgosia","2023-11-26","java"
"1125","Malgosia","2023-11-26","java"
"1126","Malgosia","2023-11-26","java"
"1127","Malgosia","2023-11-26","java"
"1128","Malgosia","2023-11-26","java"
"1129","Malgosia","2023-11-26","java"
"1130","Malgosia","2023-11-27","java"
"1131","Malgosia","2023-11-27","java"
"1132","Malgosia","2023-11-26","java"
"1133","Malgosia","2023-11-12","java"
"1134","Malgosia","2023-11-12","java"
"1135","Malgosia","2023-11-12","java"
"1136","Malgosia","2023-11-12","java"
"1137","Malgosia","2023-11-12","java"
"1138","Malgosia","2023-11-12","java"
"1139","Malgosia","2023-11-12","java"
"1140","Malgosia","2023-11-20","java"
"1141","Malgosia","2023-11-20","java"
"1142","Malgosia","2023-11-20","java"
"1143","Malgosia","2023-11-20","java"
"1144","Malgosia","2023-11-20","java"
"1145","Malgosia","2023-11-20","java"
"1146","Malgosia","2023-11-20","java"
"1147","Malgosia","2023-11-20","java"
"1148","Malgosia","2023-11-20","java"
"1149","Malgosia","2023-11-11","java"
"1150","Malgosia","2023-11-11","java"
"1151","Malgosia","2023-11-11","java"
"1152","Malgosia","2023-11-11","java"
"1153","Malgosia","2023-11-11","java"
"1154","Malgosia","2023-11-11","java"
"1155","Malgosia","2023-11-11","java"
"1156","Malgosia","2023-11-11","java"
"1157","Malgosia","2023-11-12","java"
"1158","Malgosia","2023-11-11","java"
"1159","Malgosia","2023-11-27","java"
"1160","Malgosia","2023-11-27","java"
"1161","Malgosia","2023-11-27","java"
"1162","Malgosia","2023-11-27","java"
"1163","Malgosia","2023-11-27","java"
"1164","Malgosia","2023-11-27","java"
"1165","Malgosia","2023-11-27","java"
"1166","Malgosia","2023-11-27","java"
"1167","Malgosia","2023-11-27","java"
"1168","Malgosia","2023-11-27","java"
"1169","Malgosia","2023-11-27","java"
"1170","Malgosia","2023-11-19","java"
"1171","Malgosia","2023-11-19","java"
"1172","Malgosia","2023-11-27","java"
"1173","Malgosia","2023-11-27","java"
"1174","Malgosia","2023-11-27","java"
"1175","Malgosia","2023-11-27","java"
"1176","Malgosia","2023-11-19","java"
"1177","Malgosia","2023-11-19","java"
"1178","Malgosia","2023-11-19","java"
"1179","Malgosia","2023-11-27","java"
"1180","Malgosia","2023-11-19","java"
"1181","Malgosia","2023-10-26","java"
"1182","Malgosia","2023-10-18","m"
"1183","Malgosia","2023-10-20","m"
"1184","Malgosia","2023-10-20","m"
"1185","Malgosia","2023-10-25","m"
"1186","Malgosia","2023-10-26","m"
"1187","Malgosia","2023-10-20","m"
"1188","Malgosia","2023-10-26","m"
"1189","Malgosia","2023-10-26","m"
"1190","Malgosia","2023-11-23","m"
"1191","Malgosia","2023-10-18","m"
"1192","Malgosia","2023-10-18","m"
"1193","Malgosia","2023-10-19","m"
"1194","Malgosia","2023-10-18","m"
"1195","Malgosia","2023-10-19","m"
"1196","Malgosia","2023-10-19","m"
"1197","Malgosia","2023-10-19","m"
"1198","Malgosia","2023-11-09","m"
"1199","Malgosia","2023-10-26","m"
"1200","Malgosia","2023-10-26","m"
"1201","Malgosia","2023-10-26","m"
"1202","Malgosia","2023-11-08","m"
"1203","Malgosia","2023-11-08","m"
"1204","Malgosia","2023-11-15","m"
"1205","Malgosia","2023-11-09","m"
"1206","Malgosia","2023-11-15","m"
"1207","Malgosia","2023-11-15","m"
"1208","Malgosia","2023-11-09","m"
"1209","Malgosia","2023-11-15","m"
"1210","Malgosia","2023-11-15","m"
"1211","Malgosia","2023-11-15","m"
"1212","Malgosia","2023-11-15","m"
"1213","Malgosia","2023-11-15","m"
"1214","Malgosia","2023-11-15","m"
"1215","Malgosia","2023-11-15","m"
"1216","Malgosia","2023-10-20","m"
"1217","Malgosia","2023-11-23","m"
"1218","Malgosia","2023-12-06","m"
"1219","Malgosia","2023-12-05","m"
"1220","Malgosia","2023-12-03","m"
"1221","Malgosia","2023-12-06","m"
"1222","Malgosia","2023-12-06","m"
"1223","Malgosia","2023-12-06","m"
"1224","Malgosia","2023-12-06","m"
"1225","Malgosia","2023-12-06","m"
"1226","Malgosia","2023-12-06","m"
"1227","Malgosia","2023-12-06","m"
"1228","Malgosia","2023-12-06","m"
"1229","Malgosia","2023-12-21","m"
"1230","Malgosia","2023-12-21","m"
"1231","Malgosia","2023-12-17","m"
"1232","Malgosia","2024-01-01","m"
"1233","Malgosia","2023-12-17","m"
"1234","Malgosia","2023-12-21","m"
"1235","Malgosia","2023-12-21","m"
"1236","Sebastian","2023-10-08","m"
"1237","Sebastian","2023-10-08","m"
"1238","Sebastian","2023-10-08","m"
"1239","Sebastian","2023-10-12","m"
"1240","Sebastian","2023-11-22","m"
"1241","Sebastian","2023-10-12","m"
"1242","Sebastian","2023-10-12","m"
"1243","Sebastian","2023-10-19","m"
"1244","Sebastian","2023-11-22","m"
"1245","Sebastian","2023-10-19","m"
"1246","Sebastian","2023-11-21","m"
"1247","Sebastian","2023-11-22","m"
"1248","Sebastian","2023-11-24","m"
"1249","Sebastian","2023-11-04","m"
"1250","Sebastian","2023-10-26","m"
"1251","Sebastian","2023-11-04","m"
"1252","Sebastian","2023-10-26","m"
"1253","Sebastian","2023-10-26","m"
"1254","Sebastian","2023-11-04","m"
"1255","Sebastian","2023-11-08","m"
"1256","Sebastian","2023-11-08","m"
"1257","Sebastian","2023-11-15","m"
"1258","Sebastian","2023-11-15","m"
"1259","Sebastian","2023-11-16","m"
"1260","Sebastian","2023-11-15","m"
"1261","Sebastian","2023-11-16","m"
"1262","Sebastian","2023-10-19","m"
"1263","Sebastian","2023-11-22","m"
"1264","Sebastian","2023-10-19","m"
"1265","Sebastian","2023-11-21","m"
"1266","Sebastian","2023-11-22","m"
"1267","Sebastian","2023-11-22","m"
"1268","Sebastian","2023-12-03","m"
"1269","Sebastian","2023-12-05","m"
"1270","Sebastian","2023-12-03","m"
"1271","Sebastian","2023-12-05","m"
"1272","Sebastian","2023-12-05","m"
"1273","Sebastian","2023-12-05","m"
"1274","Sebastian","2023-12-05","m"
"1275","Sebastian","2023-12-05","m"
"1276","Sebastian","2023-12-05","m"
"1277","Sebastian","2023-12-03","m"
"1278","Sebastian","2023-12-03","m"
"1279","Sebastian","2023-12-03","m"
"1280","Sebastian","2023-12-03","m"
"1281","Sebastian","2023-12-03","m"
"1282","Sebastian","2023-12-03","m"
"1283","Sebastian","2023-12-05","m"
"1284","Sebastian","2023-12-03","m"
"1285","Sebastian","2023-12-05","m"
"1286","Sebastian","2023-12-05","m"
"1287","Sebastian","2023-12-05","m"
"1288","Sebastian","2023-12-05","m"
"1289","Sebastian","2023-12-05","m"
"1290","Sebastian","2023-12-05","m"
"1291","Sebastian","2023-12-03","m"
"1292","Sebastian","2023-12-03","m"
"1293","Sebastian","2023-12-03","m"
"1294","Sebastian","2023-12-03","m"
"1295","Sebastian","2023-12-03","m"
"1296","Mikolaj","2023-12-29","m"
"1297","Mikolaj","2024-01-02","m"
"1298","Mikolaj","2023-12-18","m"
"1299","Mikolaj","2023-12-06","m"
"1300","Mikolaj","2023-12-14","m"
"1301","Mikolaj","2023-10-18","m"
"1302","Mikolaj","2023-10-18","m"
"1303","Mikolaj","2023-10-11","m"
"1304","Mikolaj","2023-10-11","m"
"1305","Mikolaj","2023-10-11","m"
"1306","Mikolaj","2023-10-19","m"
"1307","Mikolaj","2023-12-27","m"
"1308","Mikolaj","2023-11-15","m"
"1309","Mikolaj","2023-10-05","m"
"1310","Mikolaj","2023-10-11","m"
"1311","Mikolaj","2023-10-19","m"
"1312","Mikolaj","2023-10-26","m"
"1313","Mikolaj","2023-11-16","m"
"1314","Mikolaj","2023-11-16","m"
"1315","Mikolaj","2023-11-08","m"
"1316","Mikolaj","2023-12-06","m"
"1317","Mikolaj","2023-10-11","m"
"1318","Mikolaj","2023-10-05","m"
"1319","Mikolaj","2023-11-16","m"
"1320","Mikolaj","2023-10-19","m"
"1321","Mikolaj","2023-10-19","m"
"1322","Mikolaj","2023-10-19","m"
"1323","Mikolaj","2023-10-19","m"
"1324","Mikolaj","2023-12-27","m"
"1325","Mikolaj","2023-12-05","m"
"1326","Mikolaj","2023-12-05","m"
"1327","Mikolaj","2023-12-06","m"
"1328","Mikolaj","2023-11-08","m"
"1329","Mikolaj","2024-01-02","m"
"1330","Mikolaj","2023-12-06","m"
"1331","Mikolaj","2023-12-27","m"
"1332","Mikolaj","2023-12-16","m"
"1333","Mikolaj","2023-12-28","m"
"1334","Mikolaj","2023-12-17","m"
"1335","Mikolaj","2023-12-27","m"
"1336","Mikolaj","2023-12-06","m"
"1337","Mikolaj","2023-10-11","m"
"1338","Mikolaj","2023-11-24","m"
"1339","Mikolaj","2023-10-26","m"
"1340","Mikolaj","2023-10-26","m"
"1341","Mikolaj","2023-10-11","m"
"1342","Mikolaj","2023-11-24","m"
"1343","Mikolaj","2023-12-17","m"
"1344","Mikolaj","2023-12-05","m"
"1345","Mikolaj","2023-12-06","m"
"1346","Mikolaj","2023-12-06","m"
"1347","Mikolaj","2023-11-16","m"
"1348","Mikolaj","2023-12-06","m"
"1349","Malgosia","2021-01-19","docx"
"1350","Malgosia","2021-03-10","docx"
"1351","Malgosia","2021-04-16","docx"
"1352","Malgosia","2021-04-19","docx"
"1353","Malgosia","2023-12-18","docx"
"1354","Malgosia","2021-11-21","docx"
"1355","Malgosia","2021-04-09","docx"
"1356","Malgosia","2022-02-03","docx"
"1357","Malgosia","2020-05-04","docx"
"1358","Malgosia","2021-04-12","docx"
"1359","Malgosia","2021-05-18","docx"
"1360","Malgosia","2021-04-13","docx"
"1361","Malgosia","2023-12-18","docx"
"1362","Malgosia","2021-01-25","docx"
"1363","Malgosia","2023-12-18","docx"
"1364","Malgosia","2021-02-15","docx"
"1365","Malgosia","2020-03-24","docx"
"1366","Malgosia","2022-01-02","docx"
"1367","Malgosia","2021-02-12","docx"
"1368","Malgosia","2022-03-09","docx"
"1369","Malgosia","2021-11-16","docx"
"1370","Malgosia","2021-11-16","docx"
"1371","Malgosia","2020-12-18","docx"
"1372","Malgosia","2021-05-13","docx"
"1373","Malgosia","2021-05-16","docx"
"1374","Malgosia","2021-09-16","docx"
"1375","Malgosia","2021-02-24","docx"
"1376","Malgosia","2021-03-13","docx"
"1377","Malgosia","2021-03-08","docx"
"1378","Malgosia","2022-01-09","docx"
"1379","Malgosia","2021-04-08","docx"
"1380","Malgosia","2021-01-21","docx"
"1381","Malgosia","2022-01-11","docx"
"1382","Malgosia","2020-03-28","docx"
"1383","Malgosia","2023-12-18","docx"
"1384","Malgosia","2021-02-18","docx"
"1385","Malgosia","2021-05-20","docx"
"1386","Malgosia","2020-06-01","docx"
"1387","Malgosia","2021-04-28","docx"
"1388","Malgosia","2021-02-13","docx"
"1389","Malgosia","2021-02-21","docx"
"1390","Malgosia","2022-03-24","docx"
"1391","Malgosia","2021-05-20","docx"
"1392","Malgosia","2020-05-18","docx"
"1393","Malgosia","2021-12-15","docx"
"1394","Malgosia","2020-11-18","docx"
"1395","Malgosia","2021-02-17","docx"
"1396","Malgosia","2021-02-18","docx"
"1397","Malgosia","2022-02-04","docx"
"1398","Malgosia","2021-02-23","docx"
"1399","Malgosia","2021-02-22","docx"
"1400","Malgosia","2023-12-18","docx"
"1401","Malgosia","2021-03-29","docx"
"1402","Malgosia","2021-02-25","docx"
"1403","Malgosia","2021-09-12","docx"
"1404","Malgosia","2023-12-18","docx"
"1405","Malgosia","2020-05-18","docx"
"1406","Malgosia","2021-11-20","docx"
"1407","Malgosia","2023-12-18","docx"
"1408","Malgosia","2022-01-09","docx"
"1409","Malgosia","2021-02-25","docx"
"1410","Malgosia","2021-10-12","docx"
"1411","Malgosia","2020-04-27","docx"
"1412","Malgosia","2021-10-17","docx"
"1413","Malgosia","2021-12-12","docx"
"1414","Malgosia","2020-11-23","docx"
"1415","Mikolaj","2020-02-16","docx"
"1416","Mikolaj","2022-01-04","docx"
"1417","Mikolaj","2020-12-02","docx"
"1418","Mikolaj","2020-11-26","docx"
"1419","Mikolaj","2020-04-20","docx"
"1420","Mikolaj","2018-11-30","docx"
"1421","Mikolaj","2021-12-22","docx"
"1422","Mikolaj","2020-12-04","docx"
"1423","Mikolaj","2019-12-01","docx"
"1424","Mikolaj","2023-05-17","docx"
"1425","Mikolaj","2020-04-16","docx"
"1426","Mikolaj","2020-10-28","docx"
"1427","Mikolaj","2020-05-17","docx"
"1428","Mikolaj","2018-10-22","docx"
"1429","Mikolaj","2020-04-19","docx"
"1430","Mikolaj","2020-04-20","docx"
"1431","Mikolaj","2020-02-17","docx"
"1432","Mikolaj","2022-09-01","docx"
"1433","Mikolaj","2018-12-08","docx"
"1434","Mikolaj","2022-01-06","docx"
"1435","Mikolaj","2021-02-18","docx"
"1436","Mikolaj","2022-08-20","docx"
"1437","Mikolaj","2022-08-23","docx"
"1438","Mikolaj","2020-04-21","docx"
"1439","Mikolaj","2020-12-13","docx"
"1440","Mikolaj","2017-12-13","docx"
"1441","Mikolaj","2022-09-13","docx"
"1442","Mikolaj","2020-03-20","docx"
"1443","Mikolaj","2020-11-25","docx"
"1444","Mikolaj","2023-03-16","docx"
"1445","Mikolaj","2023-03-16","docx"
"1446","Mikolaj","2018-06-14","docx"
"1447","Mikolaj","2020-11-14","docx"
"1448","Mikolaj","2023-05-23","docx"
"1449","Mikolaj","2023-03-10","docx"
"1450","Mikolaj","2021-02-10","docx"
"1451","Mikolaj","2020-05-06","docx"
"1452","Mikolaj","2021-05-19","docx"
"1453","Mikolaj","2023-10-01","docx"
"1454","Mikolaj","2022-09-02","docx"
"1455","Mikolaj","2019-02-16","docx"
"1456","Mikolaj","2021-04-25","docx"
"1457","Mikolaj","2021-04-11","docx"
"1458","Mikolaj","2021-02-17","docx"
"1459","Mikolaj","2021-03-01","docx"
"1460","Mikolaj","2023-03-06","docx"
"1461","Mikolaj","2022-08-25","docx"
"1462","Mikolaj","2021-03-04","docx"
"1463","Mikolaj","2021-05-26","docx"
"1464","Mikolaj","2020-11-01","docx"
"1465","Mikolaj","2020-05-06","docx"
"1466","Mikolaj","2020-04-21","docx"
"1467","Mikolaj","2022-09-08","docx"
"1468","Mikolaj","2022-01-26","docx"
"1469","Mikolaj","2023-09-06","docx"
"1470","Mikolaj","2023-03-03","docx"
"1471","Mikolaj","2020-04-20","docx"
"1472","Mikolaj","2019-02-05","docx"
"1473","Mikolaj","2022-09-12","docx"
"1474","Mikolaj","2022-09-04","docx"
"1475","Mikolaj","2020-10-12","docx"
"1476","Mikolaj","2023-10-24","docx"
"1477","Mikolaj","2019-12-08","docx"
"1478","Mikolaj","2020-05-04","docx"
"1479","Mikolaj","2020-05-15","docx"
"1480","Mikolaj","2021-02-17","docx"
"1481","Mikolaj","2020-11-22","docx"
"1482","Mikolaj","2021-06-03","docx"
"1483","Mikolaj","2021-04-23","docx"
"1484","Mikolaj","2022-03-22","docx"
"1485","Mikolaj","2021-11-17","docx"
"1486","Mikolaj","2021-03-24","docx"
"1487","Mikolaj","2022-09-04","docx"
"1488","Mikolaj","2020-11-23","docx"
"1489","Mikolaj","2019-02-09","docx"
"1490","Mikolaj","2023-05-05","docx"
"1491","Mikolaj","2021-04-21","docx"
"1492","Mikolaj","2020-03-20","docx"
"1493","Mikolaj","2021-04-29","docx"
"1494","Mikolaj","2023-05-05","docx"
"1495","Mikolaj","2021-12-06","docx"
"1496","Mikolaj","2021-09-01","docx"
"1497","Mikolaj","2022-04-03","docx"
"1498","Mikolaj","2021-03-09","docx"
"1499","Mikolaj","2022-09-13","docx"
"1500","Mikolaj","2019-01-06","docx"
"1501","Mikolaj","2021-03-01","docx"
"1502","Mikolaj","2020-04-29","docx"
"1503","Mikolaj","2019-04-30","docx"
"1504","Mikolaj","2021-11-28","docx"
"1505","Mikolaj","2020-03-07","docx"
"1506","Mikolaj","2020-11-28","docx"
"1507","Mikolaj","2021-04-16","docx"
"1508","Mikolaj","2023-03-06","docx"
"1509","Mikolaj","2023-03-05","docx"
"1510","Mikolaj","2023-03-06","docx"
"1511","Mikolaj","2020-04-07","docx"
"1512","Mikolaj","2021-10-05","docx"
"1513","Mikolaj","2023-01-26","docx"
"1514","Mikolaj","2018-12-08","docx"
"1515","Mikolaj","2021-03-15","docx"
"1516","Mikolaj","2022-10-25","docx"
"1517","Mikolaj","2020-03-04","docx"
"1518","Mikolaj","2018-06-07","docx"
"1519","Mikolaj","2021-03-07","docx"
"1520","Mikolaj","2020-11-29","docx"
"1521","Mikolaj","2021-01-24","docx"
"1522","Mikolaj","2021-03-15","docx"
"1523","Mikolaj","2021-04-29","docx"
"1524","Mikolaj","2022-08-29","docx"
"1525","Mikolaj","2018-12-22","docx"
"1526","Mikolaj","2020-03-22","docx"
"1527","Mikolaj","2020-06-01","docx"
"1528","Mikolaj","2021-01-28","docx"
"1529","Mikolaj","2021-03-17","docx"
"1530","Mikolaj","2020-12-26","docx"
"1531","Mikolaj","2021-03-22","docx"
"1532","Mikolaj","2020-07-23","docx"
"1533","Mikolaj","2020-10-25","docx"
"1534","Mikolaj","2021-12-09","docx"
"1535","Mikolaj","2021-12-07","docx"
"1536","Mikolaj","2020-12-14","docx"
"1537","Sebastian","2019-03-09","docx"
"1538","Sebastian","2018-12-12","docx"
"1539","Sebastian","2018-12-12","docx"
"1540","Sebastian","2018-12-12","docx"
"1541","Sebastian","2018-04-09","docx"
"1542","Sebastian","2018-12-12","docx"
"1543","Sebastian","2018-04-26","docx"
"1544","Sebastian","2019-03-19","docx"
"1545","Sebastian","2019-01-30","docx"
"1546","Sebastian","2018-03-18","docx"
"1547","Sebastian","2019-02-03","docx"
"1548","Sebastian","2019-04-22","docx"
"1549","Sebastian","2019-01-12","docx"
"1550","Sebastian","2019-03-13","docx"
"1551","Sebastian","2019-03-18","docx"
"1552","Sebastian","2018-10-21","docx"
"1553","Sebastian","2018-03-22","docx"
"1554","Sebastian","2019-01-30","docx"
"1555","Sebastian","2020-04-23","docx"
"1556","Sebastian","2020-04-25","docx"
"1557","Sebastian","2020-04-01","docx"
"1558","Sebastian","2020-04-24","docx"
"1559","Sebastian","2020-03-29","docx"
"1560","Sebastian","2020-04-08","docx"
"1561","Sebastian","2020-04-03","docx"
"1562","Sebastian","2020-04-17","docx"
"1563","Sebastian","2020-04-30","docx"
"1564","Sebastian","2020-04-28","docx"
"1565","Sebastian","2020-04-21","docx"
"1566","Sebastian","2020-03-31","docx"
"1567","Sebastian","2019-11-03","docx"
"1568","Sebastian","2020-04-06","docx"
"1569","Sebastian","2020-03-26","docx"
"1570","Sebastian","2020-03-25","docx"
"1571","Sebastian","2020-03-25","docx"
"1572","Sebastian","2020-04-04","docx"
"1573","Sebastian","2020-04-04","docx"
"1574","Sebastian","2020-03-08","docx"
"1575","Sebastian","2020-04-05","docx"
"1576","Sebastian","2020-03-26","docx"
"1577","Sebastian","2020-04-19","docx"
"1578","Sebastian","2020-04-24","docx"
"1579","Sebastian","2020-04-28","docx"
"1580","Sebastian","2020-03-17","docx"
"1581","Sebastian","2020-04-14","docx"
"1582","Sebastian","2020-02-24","docx"
"1583","Sebastian","2020-03-31","docx"
"1584","Sebastian","2020-04-30","docx"
"1585","Sebastian","2020-03-26","docx"
"1586","Sebastian","2019-10-14","docx"
"1587","Sebastian","2019-10-07","docx"
"1588","Sebastian","2020-04-27","docx"
"1589","Sebastian","2020-04-28","docx"
